ROM_GUARD	PASS	bytes=24576	sha256=3ca5f2a3fe65c982d55da6f873036119cdfd4da81bc1304a02393622a4cd7c12
M	192	240
I	300	coin1	true	Coin 1
I	303	coin1	false	Coin 1
I	360	start1	true	1 Player Start
I	365	start1	false	1 Player Start
I	620	down	true	P1 Down
I	690	down	false	P1 Down
I	690	right	true	P1 Right
I	710	right	false	P1 Right
I	710	up	true	P1 Up
I	840	up	false	P1 Up
P	1513	df	00	0100	00	00	10	0d	10	38	81080f00100040ae001082685600001267961801815886180100000000000000000000000000000000000000000000000000
W	1513	606E	07	07
S	1514	00	0700	00	33	0f	0d	12	38	1266961801	8158861801	81080f00100040ae00108268560000
S	1515	00	0700	00	66	0e	0d	12	38	1265961801	8158861801	81080f00100040ae00108268560000
S	1516	00	0700	00	99	0d	0d	12	38	1264961801	8158861801	81080f00100040ae00108268560000
S	1517	00	0700	00	cc	0c	0d	12	38	1263961801	8158861801	81080f00100040ae00108268560000
S	1518	00	0700	00	ff	0b	0d	12	38	1262961801	8158861801	81080f00100040ae00108268560000
S	1519	00	0700	00	32	0a	0d	12	38	1260961801	8158861801	81080f00100040ae00108268560000
